{
  "pipeline_summary": {
    "test": {
      "prerank_recall_retained@100": 0.6314540325108593,
      "prerank_top100": 2270900,
      "rank_candidates": 2270900,
      "rank_ndcg@20": 0.03592114437735053,
      "recall@100": 0.23430332400197607,
      "recall_candidates": 11354500,
      "rerank_after_avg_freshness_days": 28.163990047998592,
      "rerank_after_avg_unique_tags_per_user": 6.943326434453301,
      "rerank_after_ndcg@20": 0.04623287812719835,
      "rerank_before_avg_freshness_days": 28.160612106323242,
      "rerank_before_avg_unique_tags_per_user": 6.641023382799771,
      "rerank_before_ndcg@20": 0.046050613612044135,
      "rerank_delta_ndcg@20": 0.00018226451515421238
    },
    "val": {
      "prerank_recall_retained@100": 0.6600253004427578,
      "prerank_top100": 2118400,
      "rank_candidates": 2118400,
      "rank_ndcg@20": 0.02947262809407394,
      "recall@100": 0.24756052267278927,
      "recall_candidates": 10592000,
      "rerank_after_avg_freshness_days": 20.163193919939577,
      "rerank_after_avg_unique_tags_per_user": 6.883496978851964,
      "rerank_after_ndcg@20": 0.03636344823159532,
      "rerank_before_avg_freshness_days": 20.160621643066406,
      "rerank_before_avg_unique_tags_per_user": 6.57439577039275,
      "rerank_before_ndcg@20": 0.036351781320473044,
      "rerank_delta_ndcg@20": 1.1666911122275303e-05
    }
  },
  "prerank": {
    "test": {
      "candidate_compression_ratio": 0.2,
      "output_candidates": 2270900,
      "recall_retained@100": 0.6314540325108593
    },
    "val": {
      "candidate_compression_ratio": 0.2,
      "output_candidates": 2118400,
      "recall_retained@100": 0.6600253004427578
    }
  },
  "rank": {
    "test": {
      "finish_auc": 0.6663208454620589,
      "finish_logloss": 0.059730659619170554,
      "like_auc": 0.6218724662548436,
      "like_logloss": 0.004466041272553434,
      "long_watch_auc": 0.5837891809070374,
      "long_watch_logloss": 0.14975131884885176,
      "mrr@10": 0.02050756744930861,
      "ndcg@10": 0.02314216735875194,
      "ndcg@20": 0.03592114437735053,
      "num_candidates": 2270900,
      "num_users": 22709,
      "positive_any": 14101,
      "rank_auc": 0.5844769407586917
    },
    "val": {
      "finish_auc": 0.6595517297911745,
      "finish_logloss": 0.052006538922658094,
      "like_auc": 0.6200917324494221,
      "like_logloss": 0.0037214518210876555,
      "long_watch_auc": 0.5745860044021092,
      "long_watch_logloss": 0.1360386727355377,
      "mrr@10": 0.015644275553877138,
      "ndcg@10": 0.018293167242668277,
      "ndcg@20": 0.02947262809407394,
      "num_candidates": 2118400,
      "num_users": 21184,
      "positive_any": 10435,
      "rank_auc": 0.5753376648384751
    }
  },
  "recall": {
    "test": {
      "coverage_all": 0.999604378214427,
      "num_candidates": 11354500,
      "recall@100": 0.23430332400197607,
      "recall@200": 0.2972546990049166,
      "recall@50": 0.17309275682796585
    },
    "val": {
      "coverage_all": 0.9994725042859027,
      "num_candidates": 10592000,
      "recall@100": 0.24756052267278927,
      "recall@200": 0.31508930681703073,
      "recall@50": 0.18323935577539927
    }
  },
  "rerank": {
    "test": {
      "after": {
        "adjacent_same_author_rate": 0.0012836320401602888,
        "adjacent_same_tag_rate": 0.25304724998899114,
        "author_coverage_all": 0.6147607461476075,
        "avg_freshness_days": 28.163990047998592,
        "avg_unique_authors_per_user": 19.874543132678674,
        "avg_unique_tags_per_user": 6.943326434453301,
        "fresh_share_leq_threshold": 0.0,
        "median_freshness_days": 28.0,
        "mrr@10": 0.02057133141394888,
        "ndcg@10": 0.029560466059403743,
        "ndcg@20": 0.04623287812719835,
        "num_rows": 454180,
        "num_users": 22709,
        "p90_freshness_days": 29.0,
        "positive_hits": 3352,
        "recall@10": 0.11743847954045812,
        "recall@20": 0.23771363733068576,
        "tag_coverage_all": 0.7065217391304348
      },
      "before": {
        "adjacent_same_author_rate": 0.002879915452023427,
        "adjacent_same_tag_rate": 0.27019683825795937,
        "author_coverage_all": 0.616382806163828,
        "avg_freshness_days": 28.160612106323242,
        "avg_unique_authors_per_user": 19.85168875776124,
        "avg_unique_tags_per_user": 6.641023382799771,
        "fresh_share_leq_threshold": 0.0,
        "median_freshness_days": 28.0,
        "mrr@10": 0.02050756744930861,
        "ndcg@10": 0.029521885194700212,
        "ndcg@20": 0.046050613612044135,
        "num_rows": 454180,
        "num_users": 22709,
        "p90_freshness_days": 29.0,
        "positive_hits": 3329,
        "recall@10": 0.11687114389050422,
        "recall@20": 0.2360825473370683,
        "tag_coverage_all": 0.7065217391304348
      },
      "delta": {
        "adjacent_same_author_rate": -0.0015962834118631384,
        "adjacent_same_tag_rate": -0.01714958826896823,
        "author_coverage_all": -0.0016220600162205612,
        "avg_freshness_days": 0.0033779416753496605,
        "avg_unique_authors_per_user": 0.022854374917432807,
        "avg_unique_tags_per_user": 0.30230305165352966,
        "fresh_share_leq_threshold": 0.0,
        "median_freshness_days": 0.0,
        "mrr@10": 6.376396464027184e-05,
        "ndcg@10": 3.8580864703530865e-05,
        "ndcg@20": 0.00018226451515421238,
        "num_rows": 0.0,
        "num_users": 0.0,
        "p90_freshness_days": 0.0,
        "positive_hits": 23.0,
        "recall@10": 0.0005673356499538984,
        "recall@20": 0.0016310899936174683,
        "tag_coverage_all": 0.0
      }
    },
    "val": {
      "after": {
        "adjacent_same_author_rate": 0.0013807590634441088,
        "adjacent_same_tag_rate": 0.252190332326284,
        "author_coverage_all": 0.6129927817878956,
        "avg_freshness_days": 20.163193919939577,
        "avg_unique_authors_per_user": 19.87207326283988,
        "avg_unique_tags_per_user": 6.883496978851964,
        "fresh_share_leq_threshold": 0.6141474697885196,
        "median_freshness_days": 20.0,
        "mrr@10": 0.015673891346568842,
        "ndcg@10": 0.02260884551601945,
        "ndcg@20": 0.03636344823159532,
        "num_rows": 423680,
        "num_users": 21184,
        "p90_freshness_days": 21.0,
        "positive_hits": 2408,
        "recall@10": 0.10886439865836128,
        "recall@20": 0.23076185912793484,
        "tag_coverage_all": 0.7065217391304348
      },
      "before": {
        "adjacent_same_author_rate": 0.002976302870090634,
        "adjacent_same_tag_rate": 0.2694344788519637,
        "author_coverage_all": 0.617434758467518,
        "avg_freshness_days": 20.160621643066406,
        "avg_unique_authors_per_user": 19.84828172205438,
        "avg_unique_tags_per_user": 6.57439577039275,
        "fresh_share_leq_threshold": 0.6171119712990937,
        "median_freshness_days": 20.0,
        "mrr@10": 0.015644275553877138,
        "ndcg@10": 0.02255129051791668,
        "ndcg@20": 0.036351781320473044,
        "num_rows": 423680,
        "num_users": 21184,
        "p90_freshness_days": 21.0,
        "positive_hits": 2403,
        "recall@10": 0.10838524197412554,
        "recall@20": 0.23028270244369908,
        "tag_coverage_all": 0.6956521739130435
      },
      "delta": {
        "adjacent_same_author_rate": -0.0015955438066465254,
        "adjacent_same_tag_rate": -0.017244146525679682,
        "author_coverage_all": -0.004441976679622428,
        "avg_freshness_days": 0.0025722768731704093,
        "avg_unique_authors_per_user": 0.023791540785499166,
        "avg_unique_tags_per_user": 0.3091012084592144,
        "fresh_share_leq_threshold": -0.0029645015105740358,
        "median_freshness_days": 0.0,
        "mrr@10": 2.961579269170414e-05,
        "ndcg@10": 5.755499810276843e-05,
        "ndcg@20": 1.1666911122275303e-05,
        "num_rows": 0.0,
        "num_users": 0.0,