{
  "test": {
    "coverage@100": 0.9128313332454174,
    "coverage@200": 0.9878675985757616,
    "coverage@50": 0.7530001318739286,
    "coverage_all": 0.999604378214427,
    "num_candidates": 11354500,
    "num_positive_pairs": 42509,
    "num_users": 22709,
    "recall@100": 0.23430332400197607,
    "recall@200": 0.2972546990049166,
    "recall@50": 0.17309275682796585,
    "source_candidate_counts": {
      "graph_emb": 6427200,
      "itemcf": 6370710,
      "popular": 6438615,
      "twotower": 6812700
    },
    "source_overlap": {
      "graph_emb__itemcf": {
        "intersection": 342887,
        "jaccard": 0.027530017407434736,
        "union": 12455023
      },
      "graph_emb__popular": {
        "intersection": 101144,
        "jaccard": 0.007923745155672245,
        "union": 12764671
      },
      "graph_emb__twotower": {
        "intersection": 1148893,
        "jaccard": 0.09502045611254711,
        "union": 12091007
      },
      "itemcf__popular": {
        "intersection": 3498746,
        "jaccard": 0.3757817854292413,
        "union": 9310579
      },
      "itemcf__twotower": {
        "intersection": 683121,
        "jaccard": 0.054648416528609856,
        "union": 12500289
      },
      "popular__twotower": {
        "intersection": 224572,
        "jaccard": 0.017239305327509724,
        "union": 13026743
      }
    }
  },
  "train": {
    "coverage@100": 0.8923908743241461,
    "coverage@200": 0.9850982460767507,
    "coverage@50": 0.7210866411710405,
    "coverage_all": 0.999604378214427,
    "num_candidates": 13234500,
    "num_positive_pairs": 412583,
    "num_users": 26469,
    "recall@100": 0.3332493098358391,
    "recall@200": 0.40521058793018616,
    "recall@50": 0.2514621300441366,
    "source_candidate_counts": {
      "graph_emb": 7580700,
      "itemcf": 7432096,
      "popular": 7940700,
      "twotower": 7940700
    },
    "source_overlap": {
      "graph_emb__itemcf": {
        "intersection": 448571,
        "jaccard": 0.030799510444256387,
        "union": 14564225
      },
      "graph_emb__popular": {
        "intersection": 136694,
        "jaccard": 0.008885057667010341,
        "union": 15384706
      },
      "graph_emb__twotower": {
        "intersection": 1376291,
        "jaccard": 0.09729801304465027,
        "union": 14145109
      },
      "itemcf__popular": {
        "intersection": 4295478,
        "jaccard": 0.38777238317072776,
        "union": 11077318
      },
      "itemcf__twotower": {
        "intersection": 896785,
        "jaccard": 0.06194973187019546,
        "union": 14476011
      },
      "popular__twotower": {
        "intersection": 317540,
        "jaccard": 0.020402393750650547,
        "union": 15563860
      }
    }
  },
  "val": {
    "coverage@100": 0.8919952525385731,
    "coverage@200": 0.9837795067915073,
    "coverage@50": 0.7214822629566134,
    "coverage_all": 0.9994725042859027,
    "num_candidates": 10592000,
    "num_positive_pairs": 29617,
    "num_users": 21184,
    "recall@100": 0.24756052267278927,
    "recall@200": 0.31508930681703073,
    "recall@50": 0.18323935577539927,
    "source_candidate_counts": {
      "graph_emb": 6076500,
      "itemcf": 6024982,
      "popular": 5993811,
      "twotower": 6355200
    },
    "source_overlap": {
      "graph_emb__itemcf": {
        "intersection": 317053,
        "jaccard": 0.026904400713857243,
        "union": 11784429
      },
      "graph_emb__popular": {
        "intersection": 91792,
        "jaccard": 0.007663050832911815,
        "union": 11978519
      },
      "graph_emb__twotower": {
        "intersection": 1081223,
        "jaccard": 0.09525793497489136,
        "union": 11350477
      },
      "itemcf__popular": {
        "intersection": 3302424,
        "jaccard": 0.37887611228941775,
        "union": 8716369
      },
      "itemcf__twotower": {
        "intersection": 635598,
        "jaccard": 0.05411839193282623,
        "union": 11744584
      },
      "popular__twotower": {
        "intersection": 206683,
        "jaccard": 0.01702169468655434,
        "union": 12142328
      }
    }
  }
}