{
  "test": {
    "after": {
      "adjacent_same_author_rate": 0.0022,
      "adjacent_same_tag_rate": 0.23940000000000003,
      "author_coverage_all": 0.3071391884951207,
      "avg_freshness_days": 28.1966,
      "avg_unique_authors_per_user": 9.916,
      "avg_unique_tags_per_user": 4.8,
      "fresh_share_leq_threshold": 0.0,
      "median_freshness_days": 28.0,
      "mrr@10": 0.013856349206349207,
      "ndcg@10": 0.02631757726726157,
      "ndcg@20": 0.02631757726726157,
      "num_rows": 5000,
      "num_users": 500,
      "p90_freshness_days": 29.0,
      "positive_hits": 37,
      "recall@10": 0.11708860759493671,
      "recall@20": 0.11708860759493671,
      "tag_coverage_all": 0.6307692307692307
    },
    "before": {
      "adjacent_same_author_rate": 0.005600000000000001,
      "adjacent_same_tag_rate": 0.2606,
      "author_coverage_all": 0.3066255778120185,
      "avg_freshness_days": 28.194799423217773,
      "avg_unique_authors_per_user": 9.904,
      "avg_unique_tags_per_user": 4.662,
      "fresh_share_leq_threshold": 0.0,
      "median_freshness_days": 28.0,
      "mrr@10": 0.01392063492063492,
      "ndcg@10": 0.02633558117377295,
      "ndcg@20": 0.02633558117377295,
      "num_rows": 5000,
      "num_users": 500,
      "p90_freshness_days": 29.0,
      "positive_hits": 37,
      "recall@10": 0.11708860759493671,
      "recall@20": 0.11708860759493671,
      "tag_coverage_all": 0.6307692307692307
    },
    "delta": {
      "adjacent_same_author_rate": -0.0034000000000000007,
      "adjacent_same_tag_rate": -0.02119999999999997,
      "author_coverage_all": 0.0005136106831021836,
      "avg_freshness_days": 0.0018005767822266705,
      "avg_unique_authors_per_user": 0.012000000000000455,
      "avg_unique_tags_per_user": 0.1379999999999999,
      "fresh_share_leq_threshold": 0.0,
      "median_freshness_days": 0.0,
      "mrr@10": -6.42857142857129e-05,
      "ndcg@10": -1.8003906511382395e-05,
      "ndcg@20": -1.8003906511382395e-05,
      "num_rows": 0.0,
      "num_users": 0.0,
      "p90_freshness_days": 0.0,
      "positive_hits": 0.0,
      "recall@10": 0.0,
      "recall@20": 0.0,
      "tag_coverage_all": 0.0
    }
  },
  "val": {
    "after": {
      "adjacent_same_author_rate": 0.0028,
      "adjacent_same_tag_rate": 0.2254,
      "author_coverage_all": 0.314785373608903,
      "avg_freshness_days": 20.205,
      "avg_unique_authors_per_user": 9.912,
      "avg_unique_tags_per_user": 4.906,
      "fresh_share_leq_threshold": 0.5776,
      "median_freshness_days": 20.0,
      "mrr@10": 0.01031031746031746,
      "ndcg@10": 0.016621163331262494,
      "ndcg@20": 0.016621163331262494,
      "num_rows": 5000,
      "num_users": 500,
      "p90_freshness_days": 21.0,
      "positive_hits": 22,
      "recall@10": 0.09865470852017937,
      "recall@20": 0.09865470852017937,
      "tag_coverage_all": 0.609375
    },
    "before": {
      "adjacent_same_author_rate": 0.0058000000000000005,
      "adjacent_same_tag_rate": 0.2466,
      "author_coverage_all": 0.3158452570217276,
      "avg_freshness_days": 20.20240020751953,
      "avg_unique_authors_per_user": 9.904,
      "avg_unique_tags_per_user": 4.768,
      "fresh_share_leq_threshold": 0.5792,
      "median_freshness_days": 20.0,
      "mrr@10": 0.010338095238095238,
      "ndcg@10": 0.016671945081448418,
      "ndcg@20": 0.016671945081448418,
      "num_rows": 5000,
      "num_users": 500,
      "p90_freshness_days": 21.0,
      "positive_hits": 22,
      "recall@10": 0.09865470852017937,
      "recall@20": 0.09865470852017937,
      "tag_coverage_all": 0.609375
    },
    "delta": {
      "adjacent_same_author_rate": -0.0030000000000000005,
      "adjacent_same_tag_rate": -0.021200000000000024,
      "author_coverage_all": -0.0010598834128245915,
      "avg_freshness_days": 0.0025997924804670447,
      "avg_unique_authors_per_user": 0.008000000000000895,
      "avg_unique_tags_per_user": 0.1379999999999999,
      "fresh_share_leq_threshold": -0.0016000000000000458,
      "median_freshness_days": 0.0,
      "mrr@10": -2.777777777777761e-05,
      "ndcg@10": -5.078175018592354e-05,
      "ndcg@20": -5.078175018592354e-05,
      "num_rows": 0.0,
      "num_users": 0.0,
      "p90_freshness_days": 0.0,
      "positive_hits": 0.0,
      "recall@10": 0.0,
      "recall@20": 0.0,
      "tag_coverage_all": 0.0
    }
  }
}